INSERT INTO `user` (`id`, `nome`, `password`, `email`, `obs`, `ativo`) VALUES
(3, 'Igor', '$2y$10$0IJmNReTwy.nGogFIwMyb.UmM8fpvCYMRXookOFvu4FC5y2Qm3fgi', 'estel.sgp@estel.edu.pt', 'superadmin', 1);

INSERT INTO `cliente` (`id`, `nome`, `email`) VALUES
(72, 'Gonçalo Vilas Boas Rodrigues', 'goncalo.rodrigues.25a1@estel.edu.pt'),
(73, 'Héber Américo Oliveira Almeida', 'heber.almeida.25a2@estel.edu.pt'),
(74, 'Lucas Rodrigues da Silva', 'lucas.silva.25a3@estel.edu.pt'),
(75, 'Martim Dinis Oliveira Pinto', 'martim.pinto.25a4@estel.edu.pt'),
(76, 'Miriam Dias da Silva Monteiro', 'miriam.monteiro.25a5@estel.edu.pt'),
(77, 'Tomás Borges de Avelar Moreira', 'tomas.moreira.25a6@estel.edu.pt'),
(78, 'Cláudia Dinis Ebo', 'claudia.ebo.25a7@estel.edu.pt'),
(79, 'Júlio Mayembe Neto Paulo', 'julio.paulo.25a8@estel.edu.pt'),
(80, 'Érica da Natividade Quintas Sebastião', 'erica.sebastiao.25a9@estel.edu.pt'),
(81, 'Guilhermina Ludmila Paulino de Sousa', 'guilhermina.sousa.25a10@estel.edu.pt'),
(82, 'Liliana Mariana Pipino Camambua', 'liliana.camambua.25a11@estel.edu.pt'),
(83, 'Anderson Major Jordão', 'anderson.jordao.25b1@estel.edu.pt'),
(84, 'Cristiano Miguel Monteiro Maganinho', 'cristiano.maganinho.25b2@estel.edu.pt'),
(85, 'Daniel Alexandre Chilanda Chemba', 'daniel.chemba.25b3@estel.edu.pt'),
(86, 'Luís Filipe Camilo Vitor', 'luis.vitor.25b4@estel.edu.pt'),
(87, 'Everton António Jamba da Silva', 'everton.silva.25b6@estel.edu.pt'),
(88, 'Margareth da Felicidade Borges Miguel', 'margareth.miguel.25b7@estel.edu.pt'),
(89, 'Kelmer Alexandre Gomes Gouveia', 'kelmer.gouveia.25b8@estel.edu.pt'),
(90, 'Emerson Bruno da Rocha Gomes', 'emerson.gomes.25b9@estel.edu.pt'),
(91, 'Ailton Simão Rufino Afonso', 'ailton.afonso.25b10@estel.edu.pt'),
(92, 'Ernesto Ventura Amaro Mona', 'ernesto.mona.25b11@estel.edu.pt'),
(93, 'Dulay do Espírito Santo Sequeira Bragança da Mata', 'dulay.mata.25b12@estel.edu.pt'),
(94, 'Diogo Miguel Freitas Magalhães', 'diogo.magalhaes.24.a1@estel.edu.pt'),
(95, 'Érica Sofia Rodrigues Silva Marinho', 'erica.marinho.24a2@estel.edu.pt'),
(96, 'Fábio Monteiro de Castro', 'fabio.castro.24a3@estel.edu.pt'),
(97, 'João Pedro Dias Pinto', 'joao.pinto.24a4@estel.edu.pt'),
(98, 'Joel Raimundo da Silva Lopes', 'joel.lopes.24a5@estel.edu.pt'),
(99, 'Jovany Augusto dos Santos Muimba', 'jovany.muimba.24a6@estel.edu.pt'),
(100, 'Nzoge Yami da Silva de Almeida', 'nzoge.almeida.24a8@estel.edu.pt'),
(101, 'Patrícia Alexandra Sampaio Martins', 'patricia.martins.24a9@estel.edu.pt'),
(102, 'Rodrigo Silva Soares', 'rodrigo.soares.24a10@estel.edu.pt'),
(103, 'Américo Manzambi Canga Paulo', 'americo.paulo.24a11@estel.edu.pt'),
(104, 'Filipe Mayembe Neto Paulo', 'filipe.paulo.24a12@estel.edu.pt'),
(105, 'Raquel Almeida Quitato', 'raquel.quitato.24a13@estel.edu.pt'),
(106, 'Carolina Sebastião Pereira da Silva', 'carolina.silva.24a14@estel.edu.pt'),
(107, 'Tarciso Nogueira Cazola', 'tarciso.cazola.24a15@estel.edu.pt'),
(108, 'Stiviandro Nuno de Lima Paulino', 'stiviandro.paulino.24a16@estel.edu.pt'),
(109, 'Edson Francisco Sapalo', 'edson.sapalo.24a17@estel.edu.pt'),
(110, 'Deolinda Nilsa Kubica Pessoa', 'deolinda.pessoa.24a18@estel.edu.pt'),
(111, 'Ana Stanislavovna da Silva Gomes', 'ana.gomes.24a19@estel.edu.pt'),
(112, 'Breno Edvanio Muginga Domingos', 'breno.domingos.24a20@estel.edu.pt'),
(113, 'Pedro Francisco Andrade', 'pedro.andrade.24a21@estel.edu.pt'),
(114, 'Belarmino Luís Uquete', 'belarmino.uquete.24a22@estel.edu.pt'),
(115, 'Fidel Viegas Soares Amado', 'fidel.amado.24a23@estel.edu.pt'),
(116, 'Rebeca Juneídi Lucas António', 'rebeca.antonio.24a24@estel.edu.pt'),
(117, 'Paulo Jorge Melo Loureiro', 'paulo.loureiro.24b26@estel.edu.pt'),
(118, 'Ângela Florentina António Afonso', 'angela.afonso.24b1@estel.edu.pt'),
(119, 'Elizete Eluine José Maria Bundo', 'elizete.bundo.24b2@estel.edu.pt'),
(120, 'Francisco Manuel Soares Barbosa Magalhães', 'francisco.magalhaes.24b3@estel.edu.pt'),
(121, 'Gonçalo Miguel Crisóstomo Pereira', 'goncalo.pereira.24b4@estel.edu.pt'),
(122, 'Justino Vaz D´Oliveira Junior', 'justino.junior.24b5@estel.edu.pt'),
(123, 'Martim Leal Rios', 'martim.rios.24b7@estel.edu.pt'),
(124, 'Rafael Alexandre Maia Araújo', 'rafael.araujo.24b8@estel.edu.pt'),
(125, 'Samilson de Jesus Cardoso Monteiro', 'samilson.monteiro.24b9@estel.edu.pt'),
(126, 'Sérgio Daniele Governa Fonseca', 'sergio.fonseca.24b10@estel.edu.pt'),
(127, 'Tiago Pimenta Gonçalves', 'tiago.goncalves.24b11@estel.edu.pt'),
(128, 'Diogo Lima Duarte', 'diogo.duarte.24b12@estel.edu.pt'),
(129, 'Sócrates Abel Kacupa Chihopio', 'socrates.chihopio.24b13@estel.edu.pt'),
(130, 'Rosa Neto Vera Cruz Pereira', 'rosa.pereira.24b14@estel.edu.pt'),
(131, 'Josénio Rayner Sebastião Enoque', 'josenio.enoque.24b15@estel.edu.pt'),
(132, 'Ericlene Breyner Sibastião Enoque', 'ericlene.enoque.24b16@estel.edu.pt'),
(133, 'Marilson Nogueira Cazola', 'marilson.cazola.24b17@estel.edu.pt'),
(134, 'Antuerpio Benicio De Lemos Muhongo', 'antuerpio.muhongo.24b18@estel.edu.pt'),
(135, 'Jurema Manuel Soares', 'jurema.soares.24b19@estel.edu.pt'),
(136, 'Carla de Lurdes Zau Domingos', 'carla.domingos.24b20@estel.edu.pt'),
(137, 'Paula Esperança Castro Pascoal', 'paula.pascoal.24b21@estel.edu.pt'),
(138, 'Brulis Fernando Sonhi Jordão', 'brulis.jordao.24b22@estel.edu.pt'),
(139, 'Domingos Sebastião Pereira da Silva', 'domingos.silva.24b23@estel.edu.pt'),
(140, 'Kénia de Fátima Fernandes Maiala', 'kenia.maiala.24b25@estel.edu.pt'),
(141, 'Afonso Manuel Andrade Castelôa', 'afonso.casteloa.23a1@estel.edu.pt'),
(142, 'Fábio Daniel Rebelo Borges', 'fabio.borges.23a2@estel.edu.pt'),
(143, 'Francisco Martin da Costa e Silva', 'francisco.silva.23a3@estel.edu.pt'),
(144, 'Gonçalo Boulhosa Campos', 'goncalo.campos.23a4@estel.edu.pt'),
(145, 'Gonçalo Filipe Pereira Esteves', 'goncalo.esteves.23a5@estel.edu.pt'),
(146, 'Micael Gomes Pinto', 'micael.pinto.23a6@estel.edu.pt'),
(147, 'Nuno Filipe da Silva Prazeres', 'nuno.prazeres.23a7@estel.edu.pt'),
(148, 'Carlos Miguel da Glória Segundo', 'carlos.segundo.23a9@estel.edu.pt'),
(149, 'Leo Wilson Costa Oliveira', 'leo.oliveira.23a10@estel.edu.pt'),
(150, 'Anira Quaresma Carvalho de Andrade Leal', 'anira.leal.23a11@estel.edu.pt'),
(151, 'Domingos Mbongo Paulo', 'domingos.paulo.23a12@estel.edu.pt'),
(152, 'Eliza Charitte Dilua André', 'eliza.andre.23a13@estel.edu.pt'),
(153, 'Rosa Isabel Nunes Morais', 'rosa.morais.23a14@estel.edu.pt'),
(154, 'Willian Benoliel Pascoal Pires Sátero', 'willian.satero.23a15@estel.edu.pt'),
(155, 'Edson dos Ramos Alves da Glória', 'edson.gloria.23a16@estel.edu.pt'),
(156, 'Edla Hermenegilda Correia do Nascimento', 'edla.nascimento.23a17@estel.edu.pt'),
(157, 'Malamba Agostinho Silvestre', 'malamba.silvestre.23a18@estel.edu.pt'),
(158, 'Sandro Lima Oliveira', 'sandro.oliveira.23a19@estel.edu.pt'),
(159, 'Sélio Sebastião Januário Chaves', 'selio.chaves.23a20@estel.edu.pt'),
(160, 'Alberto Aniceto da Costa Sukami', 'alberto.sukami.23a21@estel.edu.pt'),
(161, 'Gonçalo Martim Leonor Leitão Gomes Ribeiro', 'goncalo.ribeiro.23a22@estel.edu.pt'),
(162, 'Mariana Santos Silva', 'mariana.silva.23b3@estel.edu.pt'),
(163, 'Mateus Filipe de Jesus Sousa', 'mateus.sousa.23b4@estel.edu.pt'),
(164, 'Paulo Alexandre do Vale Silva', 'paulo.silva.23b5@estel.edu.pt'),
(165, 'Tiago Alexandre Simões da Silva', 'tiago.silva.23b7@estel.edu.pt'),
(166, 'Esperança Diana Pascoal André', 'esperanca.andre.23b8@estel.edu.pt'),
(167, 'Fernando Joaquim Filipe', 'fernando.filipe.23b9@estel.edu.pt'),
(168, 'Rui Diweny Pedro Fernandes da Silva', 'rui.silva.23b10@estel.edu.pt'),
(169, 'Ivan Gaspar Camuege', 'ivan.camuege.23b13@estel.edu.pt'),
(170, 'Patricio Domingos Pascoal André', 'patricio.andre.23b14@estel.edu.pt'),
(171, 'Maida Soares da Graça Alves', 'maida.alves.23b15@estel.edu.pt'),
(172, 'Eliana Cristina Veloso da Silva Costa', 'eliana.costa.23b16@estel.edu.pt'),
(173, 'Tiago Filipe Castro Moreira', 'tiago.moreira.23b17@estel.edu.pt');

INSERT INTO `formador` (`id`, `nome`, `email`, `ativo`) VALUES
(1, 'André Martins', 'andremartins@estel.edu.pt', 1),
(2, 'Fátima Couto', 'fatimacouto@estel.edu.pt', 1),
(3, 'Francisca Sousa', 'franciscasousa@estel.edu.pt', 1),
(4, 'Francisco Costa', 'franciscocosta@estel.edu.pt', 1),
(5, 'João Silva', 'joaosilva@estel.edu.pt', 1),
(6, 'Jorge Rocha', 'jorgerocha@estel.edu.pt', 1),
(7, 'José Ferreira', 'joseferreira@estel.edu.pt', 1),
(8, 'José Gerós', 'josegeros@estel.edu.pt', 1),
(9, 'Liliana Ferreira', 'lilianaferreira@estel.edu.pt', 1),
(10, 'Liliana Pereira', 'lilianapereira@estel.edu.pt', 1),
(11, 'Maria Fernandes', 'mariafernandes@estel.edu.pt', 1),
(12, 'Marta Cruz', 'martacruz@estel.edu.pt', 1),
(13, 'Miguel Oliveira', 'migueloliveira@estel.edu.pt', 1),
(14, 'Miguel Santos', 'miguelsantos@estel.edu.pt', 1),
(15, 'Pedro Garrido', 'pedrogarrido@estel.edu.pt', 1),
(16, 'Rui Ribeiro', 'ruiribeiro@estel.edu.pt', 1),
(17, 'Sandra Silva', 'sandrasilva@estel.edu.pt', 1),
(18, 'Sara Soares', 'sarasoares@estel.edu.pt', 1),
(19, 'Sérgio Batista', 'sergiobatista@estel.edu.pt', 1),
(20, 'Sofia Pinto', 'sofiapinto@estel.edu.pt', 1),
(21, 'Sónia Pacheco', 'soniapacheco@estel.edu.pt', 1),
(22, 'Sónia Solteiro', 'soniasolteiro@estel.edu.pt', 1),
(23, 'Vítor Pinto', 'vitorpinto@estel.edu.pt', 1);

INSERT INTO `turma` (`id`, `nome`, `ativa`) VALUES
(7, 'Turma 2A-24/27', 1),
(8, 'Turma 2B-24/27', 1),
(9, 'Turma 3A-23/26', 1),
(10, 'Turma 3B-23/26', 1),
(5, 'Turma-1A-25/28', 1),
(6, 'Turma-1B-25/28', 1);

INSERT INTO `turma_aluno` (`id`, `turma_id`, `aluno_id`) VALUES
(1, 5, 72),
(2, 5, 73),
(3, 5, 74),
(4, 5, 75),
(5, 5, 76),
(6, 5, 77),
(7, 5, 78),
(8, 5, 79),
(9, 5, 80),
(10, 5, 81),
(11, 5, 82),
(12, 6, 83),
(13, 6, 84),
(14, 6, 85),
(15, 6, 86),
(16, 6, 87),
(17, 6, 88),
(18, 6, 89),
(19, 6, 90),
(20, 6, 91),
(21, 6, 92),
(22, 6, 93),
(23, 7, 94),
(24, 7, 95),
(25, 7, 96),
(26, 7, 97),
(27, 7, 98),
(28, 7, 99),
(29, 7, 100),
(30, 7, 101),
(31, 7, 102),
(32, 7, 103),
(33, 7, 104),
(34, 7, 105),
(35, 7, 106),
(36, 7, 107),
(37, 7, 108),
(38, 7, 109),
(39, 7, 110),
(40, 7, 111),
(41, 7, 112),
(42, 7, 113),
(43, 7, 114),
(44, 7, 115),
(45, 7, 116),
(46, 7, 117),
(47, 8, 118),
(48, 8, 119),
(49, 8, 120),
(50, 8, 121),
(51, 8, 122),
(52, 8, 123),
(53, 8, 124),
(54, 8, 125),
(55, 8, 126),
(56, 8, 127),
(57, 8, 128),
(58, 8, 129),
(59, 8, 130),
(60, 8, 131),
(61, 8, 132),
(62, 8, 133),
(63, 8, 134),
(64, 8, 135),
(65, 8, 136),
(66, 8, 137),
(67, 8, 138),
(68, 8, 139),
(69, 8, 140),
(71, 9, 141),
(72, 9, 142),
(73, 9, 143),
(74, 9, 144),
(75, 9, 145),
(76, 9, 146),
(77, 9, 147),
(78, 9, 148),
(79, 9, 149),
(80, 9, 150),
(81, 9, 151),
(82, 9, 152),
(83, 9, 153),
(84, 9, 154),
(85, 9, 155),
(86, 9, 156),
(87, 9, 157),
(88, 9, 158),
(89, 9, 159),
(90, 9, 160),
(91, 9, 161),
(92, 10, 162),
(93, 10, 163),
(94, 10, 164),
(95, 10, 165),
(96, 10, 166),
(97, 10, 167),
(98, 10, 168),
(99, 10, 169),
(100, 10, 170),
(101, 10, 171),
(102, 10, 172),
(103, 10, 173);

INSERT INTO `local` (`id`, `nome`, `desc`) VALUES
(1, 'Apoio Técnico', 'Gabinete Igor');

INSERT INTO `material` (`id`, `nome`, `marca`, `modelo`, `codigo_inventario`, `data_compra`, `isBroken`, `isAbate`, `disponibilidade`, `data_broken`) VALUES
(1, 'Surface1', NULL, NULL, 'EBMAHCTESURF001', NULL, 0, 0, 1, NULL),
(2, 'Surface2', NULL, NULL, 'EBMAHCTESURF002', NULL, 0, 0, 1, NULL),
(3, 'Surface3', NULL, NULL, 'EBMAHCTESURF003', NULL, 0, 0, 1, NULL),
(4, 'Surface4', NULL, NULL, 'EBMAHCTESURF004', NULL, 0, 0, 1, NULL),
(5, 'Surface5', NULL, NULL, 'EBMAHCTESURF005', NULL, 0, 0, 1, NULL),
(6, 'Surface6', NULL, NULL, 'EBMAHCTESURF006', NULL, 0, 0, 1, NULL),
(7, 'Surface7', NULL, NULL, 'EBMAHCTESURF007', NULL, 0, 0, 1, NULL),
(8, 'Surface8', NULL, NULL, 'EBMAHCTESURF008', NULL, 0, 0, 1, NULL),
(9, 'Surface9', NULL, NULL, 'EBMAHCTESURF009', NULL, 0, 0, 1, NULL),
(10, 'Surface10', NULL, NULL, 'EBMAHCTESURF010', NULL, 0, 0, 1, NULL),
(11, 'Surface11', NULL, NULL, 'EBMAHCTESURF011', NULL, 0, 0, 1, NULL),
(12, 'Surface12', NULL, NULL, 'EBMAHCTESURF012', NULL, 0, 0, 1, NULL),
(13, 'Surface13', NULL, NULL, 'EBMAHCTESURF013', NULL, 0, 0, 1, NULL),
(14, 'Surface14', NULL, NULL, 'EBMAHCTESURF014', NULL, 0, 0, 1, NULL),
(15, 'Surface15', NULL, NULL, 'EBMAHCTESURF015', NULL, 0, 0, 1, NULL),
(16, 'Surface16', NULL, NULL, 'EBMAHCTESURF016', NULL, 0, 0, 1, NULL),
(17, 'Surface17', NULL, NULL, 'EBMAHCTESURF017', NULL, 0, 0, 1, NULL),
(18, 'Surface18', NULL, NULL, 'EBMAHCTESURF018', NULL, 0, 0, 1, NULL),
(19, 'Surface19', NULL, NULL, 'EBMAHCTESURF019', NULL, 0, 0, 1, NULL),
(20, 'Surface20', NULL, NULL, 'EBMAHCTESURF020', NULL, 0, 0, 1, NULL),
(21, 'Surface21', NULL, NULL, 'EBMAHCTESURF021', NULL, 0, 0, 1, NULL),
(22, 'Surface22', NULL, NULL, 'EBMAHCTESURF022', NULL, 0, 0, 1, NULL),
(23, 'Surface23', NULL, NULL, 'EBMAHCTESURF023', NULL, 0, 0, 1, NULL),
(24, 'Surface24', NULL, NULL, 'EBMAHCTESURF024', NULL, 0, 0, 1, NULL),
(25, 'Surface25', NULL, NULL, 'EBMAHCTESURF025', NULL, 0, 0, 1, NULL),
(26, 'Surface26', NULL, NULL, 'EBMAHCTESURF026', NULL, 0, 0, 1, NULL),
(27, 'Surface27', NULL, NULL, 'EBMAHCTESURF027', NULL, 0, 0, 1, NULL),
(28, 'Surface28', NULL, NULL, 'EBMAHCTESURF028', NULL, 0, 0, 1, NULL),
(29, 'Surface29', NULL, NULL, 'EBMAHCTESURF029', NULL, 0, 0, 1, NULL),
(30, 'Surface30', NULL, NULL, 'EBMAHCTESURF030', NULL, 0, 0, 1, NULL),
(31, 'Surface31', NULL, NULL, 'EBMAHCTESURF031', NULL, 0, 0, 1, NULL),
(32, 'Surface32', NULL, NULL, 'EBMAHCTESURF032', NULL, 0, 0, 1, NULL),
(33, 'Surface33', NULL, NULL, 'EBMAHCTESURF033', NULL, 0, 0, 1, NULL),
(34, 'Surface34', NULL, NULL, 'EBMAHCTESURF034', NULL, 0, 0, 1, NULL),
(35, 'Surface35', NULL, NULL, 'EBMAHCTESURF035', NULL, 0, 0, 1, NULL),
(36, 'Surface36', NULL, NULL, 'EBMAHCTESURF036', NULL, 0, 0, 1, NULL),
(37, 'Surface37', NULL, NULL, 'EBMAHCTESURF037', NULL, 0, 0, 1, NULL),
(38, 'Surface38', NULL, NULL, 'EBMAHCTESURF038', NULL, 0, 0, 1, NULL),
(39, 'Surface39', NULL, NULL, 'EBMAHCTESURF039', NULL, 0, 0, 1, NULL),
(40, 'Surface40', NULL, NULL, 'EBMAHCTESURF040', NULL, 0, 0, 1, NULL),
(41, 'Surface41', NULL, NULL, 'EBMAHCTESURF041', NULL, 0, 0, 1, NULL),
(42, 'Surface42', NULL, NULL, 'EBMAHCTESURF042', NULL, 0, 0, 1, NULL),
(43, 'Surface43', NULL, NULL, 'EBMAHCTESURF043', NULL, 0, 0, 1, NULL),
(44, 'Surface44', NULL, NULL, 'EBMAHCTESURF044', NULL, 0, 0, 1, NULL),
(45, 'Surface45', NULL, NULL, 'EBMAHCTESURF045', NULL, 0, 0, 1, NULL),
(46, 'Surface46', NULL, NULL, 'EBMAHCTESURF046', NULL, 0, 0, 1, NULL),
(47, 'Surface47', NULL, NULL, 'EBMAHCTESURF047', NULL, 0, 0, 1, NULL),
(48, 'Surface48', NULL, NULL, 'EBMAHCTESURF048', NULL, 0, 0, 1, NULL),
(49, 'Surface49', NULL, NULL, 'EBMAHCTESURF049', NULL, 0, 0, 1, NULL),
(50, 'Surface50', NULL, NULL, 'EBMAHCTESURF050', NULL, 0, 0, 1, NULL),
(51, 'Surface51', NULL, NULL, 'EBMAHCTESURF051', NULL, 0, 0, 1, NULL),
(52, 'Surface52', NULL, NULL, 'EBMAHCTESURF052', NULL, 0, 0, 1, NULL),
(53, 'Surface53', NULL, NULL, 'EBMAHCTESURF053', NULL, 0, 0, 1, NULL),
(54, 'Surface54', NULL, NULL, 'EBMAHCTESURF054', NULL, 0, 0, 1, NULL),
(55, 'Surface55', NULL, NULL, 'EBMAHCTESURF055', NULL, 0, 0, 1, NULL),
(56, 'Surface56', NULL, NULL, 'EBMAHCTESURF056', NULL, 0, 0, 1, NULL),
(57, 'Surface57', NULL, NULL, 'EBMAHCTESURF057', NULL, 0, 0, 1, NULL),
(58, 'Surface58', NULL, NULL, 'EBMAHCTESURF058', NULL, 0, 0, 1, NULL),
(59, 'Surface59', NULL, NULL, 'EBMAHCTESURF059', NULL, 0, 0, 1, NULL),
(60, 'Surface60', NULL, NULL, 'EBMAHCTESURF060', NULL, 0, 0, 1, NULL),
(61, 'Surface61', NULL, NULL, 'EBMAHCTESURF061', NULL, 0, 0, 1, NULL),
(62, 'Surface62', NULL, NULL, 'EBMAHCTESURF062', NULL, 0, 0, 1, NULL),
(63, 'Surface63', NULL, NULL, 'EBMAHCTESURF063', NULL, 0, 0, 1, NULL),
(64, 'Surface64', NULL, NULL, 'EBMAHCTESURF064', NULL, 0, 0, 1, NULL),
(65, 'Surface65', NULL, NULL, 'EBMAHCTESURF065', NULL, 0, 0, 1, NULL),
(66, 'Surface66', NULL, NULL, 'EBMAHCTESURF066', NULL, 0, 0, 1, NULL),
(67, 'Surface67', NULL, NULL, 'EBMAHCTESURF067', NULL, 0, 0, 1, NULL),
(68, 'Surface68', NULL, NULL, 'EBMAHCTESURF068', NULL, 0, 0, 1, NULL),
(69, 'Surface69', NULL, NULL, 'EBMAHCTESURF069', NULL, 0, 0, 1, NULL),
(70, 'Surface70', NULL, NULL, 'EBMAHCTESURF070', NULL, 0, 0, 1, NULL),
(71, 'Surface71', NULL, NULL, 'EBMAHCTESURF071', NULL, 0, 0, 1, NULL),
(72, 'Surface72', NULL, NULL, 'EBMAHCTESURF072', NULL, 0, 0, 1, NULL),
(73, 'Dell 01', NULL, NULL, 'EBMAHPORTDELL310', NULL, 0, 0, 1, NULL),
(74, 'Dell 02', NULL, NULL, 'EBMAHPORTDELL311', NULL, 0, 0, 1, NULL),
(75, 'Dell 03', NULL, NULL, 'EBMAHPORTDELL312', NULL, 0, 0, 1, NULL),
(76, 'Dell 04', NULL, NULL, 'EBMAHPORTDELL313', NULL, 0, 0, 1, NULL),
(77, 'Dell 05', NULL, NULL, 'EBMAHPORTDELL314', NULL, 0, 0, 1, NULL),
(78, 'Dell 06', NULL, NULL, 'EBMAHPORTDELL315', NULL, 0, 0, 1, NULL),
(79, 'Dell 07', NULL, NULL, 'EBMAHPORTDELL316', NULL, 0, 0, 1, NULL),
(80, 'Dell 08', NULL, NULL, 'EBMAHPORTDELL317', NULL, 0, 0, 1, NULL),
(81, 'Dell 09', NULL, NULL, 'EBMAHPORTDELL318', NULL, 0, 0, 1, NULL),
(82, 'Dell 10', NULL, NULL, 'EBMAHPORTDELL319', NULL, 0, 0, 0, NULL);

INSERT INTO `maquina` (`id`, `mac`, `sn`, `local_id`) VALUES
(1, NULL, NULL, 1),
(2, NULL, NULL, 1),
(3, NULL, NULL, 1),
(4, NULL, NULL, 1),
(5, NULL, NULL, 1),
(6, NULL, NULL, 1),
(7, NULL, NULL, 1),
(8, NULL, NULL, 1),
(9, NULL, NULL, 1),
(10, NULL, NULL, 1),
(11, NULL, NULL, 1),
(12, NULL, NULL, 1),
(13, NULL, NULL, 1),
(14, NULL, NULL, 1),
(15, NULL, NULL, 1),
(16, NULL, NULL, 1),
(17, NULL, NULL, 1),
(18, NULL, NULL, 1),
(19, NULL, NULL, 1),
(20, NULL, NULL, 1),
(21, NULL, NULL, 1),
(22, NULL, NULL, 1),
(23, NULL, NULL, 1),
(24, NULL, NULL, 1),
(25, NULL, NULL, 1),
(26, NULL, NULL, 1),
(27, NULL, NULL, 1),
(28, NULL, NULL, 1),
(29, NULL, NULL, 1),
(30, NULL, NULL, 1),
(31, NULL, NULL, 1),
(32, NULL, NULL, 1),
(33, NULL, NULL, 1),
(34, NULL, NULL, 1),
(35, NULL, NULL, 1),
(36, NULL, NULL, 1),
(37, NULL, NULL, 1),
(38, NULL, NULL, 1),
(39, NULL, NULL, 1),
(40, NULL, NULL, 1),
(41, NULL, NULL, 1),
(42, NULL, NULL, 1),
(43, NULL, NULL, 1),
(44, NULL, NULL, 1),
(45, NULL, NULL, 1),
(46, NULL, NULL, 1),
(47, NULL, NULL, 1),
(48, NULL, NULL, 1),
(49, NULL, NULL, 1),
(50, NULL, NULL, 1),
(51, NULL, NULL, 1),
(52, NULL, NULL, 1),
(53, NULL, NULL, 1),
(54, NULL, NULL, 1),
(55, NULL, NULL, 1),
(56, NULL, NULL, 1),
(57, NULL, NULL, 1),
(58, NULL, NULL, 1),
(59, NULL, NULL, 1),
(60, NULL, NULL, 1),
(61, NULL, NULL, 1),
(62, NULL, NULL, 1),
(63, NULL, NULL, 1),
(64, NULL, NULL, 1),
(65, NULL, NULL, 1),
(66, NULL, NULL, 1),
(67, NULL, NULL, 1),
(68, NULL, NULL, 1),
(69, NULL, NULL, 1),
(70, NULL, NULL, 1),
(71, NULL, NULL, 1),
(72, NULL, NULL, 1),
(73, NULL, NULL, 1),
(74, NULL, NULL, 1),
(75, NULL, NULL, 1),
(76, NULL, NULL, 1),
(77, NULL, NULL, 1),
(78, NULL, NULL, 1),
(79, NULL, NULL, 1),
(80, NULL, NULL, 1),
(81, NULL, NULL, 1),
(82, NULL, NULL, 1);

INSERT INTO `emprestimo` (`id`, `data_inicio`, `prazo_entrega`, `data_fim`, `obs_inicio`, `obs_fim`, `email_longa_enviado_em`, `ultimo_email_atraso_em`, `user_id`, `cliente_id`) VALUES
(6, '2026-03-18', '2026-03-19', '2026-03-18', '{"tipo":"longa_duracao"}', NULL, NULL, NULL, 3, 148),
(7, '2026-03-18', '2026-03-20', '2026-03-18', '{"tipo":"longa_duracao"}', NULL, '2026-03-18 16:14:15', NULL, 3, 148),
(8, '2026-03-18', '2026-03-21', NULL, '{"tipo":"longa_duracao"}', NULL, '2026-03-18 16:45:02', NULL, 3, 149);

INSERT INTO `emprestimo_material` (`emprestimo_id`, `material_id`) VALUES
(6, 12),
(7, 12),
(8, 82);
